{"count":1,"self":1167.1819263999998,"total":7501.6096578,"children":{"InitializeActuators":{"count":4239,"self":0.052119099999999995,"total":0.052119099999999995,"children":null},"InitializeSensors":{"count":4239,"self":0.10362009999999999,"total":0.10362009999999999,"children":null},"AgentSendState":{"count":953436,"self":165.9757568,"total":396.4076126,"children":{"CollectObservations":{"count":15868097,"self":88.601919999999993,"total":88.601918799999993,"children":null},"WriteActionMask":{"count":15868097,"self":44.044873599999995,"total":44.044872399999996,"children":null},"RequestDecision":{"count":15868097,"self":97.7850624,"total":97.7850625,"children":null}}},"DecideAction":{"count":953436,"self":5261.3287936,"total":5768.2380696,"children":{"RayPerceptionSensor.Perceive":{"count":15868097,"self":506.90933759999996,"total":506.909357,"children":null}}},"AgentAct":{"count":953436,"self":169.4819456,"total":169.6263021,"children":{"InitializeActuators":{"count":3602,"self":0.0500996,"total":0.0500996,"children":null},"InitializeSensors":{"count":3602,"self":0.094252599999999992,"total":0.094252599999999992,"children":null}}}},"gauges":{"Collector.CumulativeReward":{"count":9397,"max":23.9085274,"min":-9.383341,"runningAverage":1.485389,"value":0.03242925,"weightedAverage":-1.30135238},"Lumberjack.CumulativeReward":{"count":137,"max":46.3816757,"min":5.176536,"runningAverage":26.4516544,"value":16.1086884,"weightedAverage":24.9217377},"Artisan.CumulativeReward":{"count":217,"max":21.3468361,"min":-16.4104233,"runningAverage":-5.79794073,"value":-16.4104233,"weightedAverage":-10.2585316}},"metadata":{"timer_format_version":"0.1.0","start_time_seconds":"1630833436","unity_version":"2020.1.16f1","command_line_arguments":"C:\\Program Files\\Unity\\Hub\\Editor\\2020.1.16f1\\Editor\\Unity.exe -projectpath F:\/projekty\/magisterka\/LittleKnightVillage -useHub -hubIPC -cloudEnvironment production -hubSessionId d05b35a0-0e25-11ec-b9db-7903e7ba5442 -accessToken _PpnY21KxC6mzy5lhso2xCwVcWgf9F8fuX4GkLmYsmA007f","communication_protocol_version":"1.3.0","com.unity.ml-agents_version":"1.7.2-preview","scene_name":"Village","end_time_seconds":"1630840938"}}