{"count":1,"self":179.5539584,"total":225.5380303,"children":{"InitializeActuators":{"count":12,"self":0.002992,"total":0.002992,"children":null},"InitializeSensors":{"count":12,"self":0.0019947999999999997,"total":0.0019947999999999997,"children":null},"AgentSendState":{"count":11024,"self":0.4307738,"total":0.9166578,"children":{"CollectObservations":{"count":26437,"self":0.16615349999999998,"total":0.16615349999999998,"children":null},"WriteActionMask":{"count":26437,"self":0.085513399999999989,"total":0.085513399999999989,"children":null},"RequestDecision":{"count":26437,"self":0.23421709999999998,"total":0.23421709999999998,"children":null}}},"DecideAction":{"count":11024,"self":42.428521599999996,"total":44.56854,"children":{"RayPerceptionSensor.Perceive":{"count":26437,"self":2.1400192,"total":2.1400192,"children":null}}},"AgentAct":{"count":11024,"self":0.49388719999999997,"total":0.49388719999999997,"children":null}},"gauges":{"Collector.CumulativeReward":{"count":34,"max":16.6519775,"min":-11.5839767,"runningAverage":1.9058888,"value":-6.7466383,"weightedAverage":-2.18075347}},"metadata":{"timer_format_version":"0.1.0","start_time_seconds":"1628616996","unity_version":"2020.1.16f1","command_line_arguments":"C:\\Program Files\\Unity\\Hub\\Editor\\2020.1.16f1\\Editor\\Unity.exe -projectpath F:\/projekty\/magisterka\/LittleKnightVillage -useHub -hubIPC -cloudEnvironment production -hubSessionId a1ae6830-f9e9-11eb-bff9-ef8afe856423 -accessToken lv6neUUsuQNcgIhFKcWR9CTVTj4K1JOKWrMb8kXVwNQ007f","communication_protocol_version":"1.3.0","com.unity.ml-agents_version":"1.7.2-preview","scene_name":"Village","end_time_seconds":"1628617221"}}