{"count":1,"self":1067.5296256,"total":8414.0710227999989,"children":{"InitializeActuators":{"count":832,"self":0.021943,"total":0.021943,"children":null},"InitializeSensors":{"count":832,"self":0.0209635,"total":0.0209635,"children":null},"AgentSendState":{"count":946451,"self":39.0076128,"total":225.7504324,"children":{"CollectObservations":{"count":2583015,"self":22.101664,"total":22.1016641,"children":null},"WriteActionMask":{"count":2583015,"self":9.3062232,"total":9.3062235,"children":null},"RequestDecision":{"count":2583015,"self":35.1667712,"total":155.3349323,"children":{"AgentInfo.ToProto":{"count":2267641,"self":19.2554528,"total":120.1681625,"children":{"GenerateSensorData":{"count":2267641,"self":39.7925216,"total":100.91270999999999,"children":{"RayPerceptionSensor.Perceive":{"count":2267641,"self":61.120191999999996,"total":61.120188999999996,"children":null}}}}}}}}},"DecideAction":{"count":946451,"self":7035.0905343999993,"total":7076.085467,"children":{"RayPerceptionSensor.Perceive":{"count":315374,"self":40.994768,"total":40.994766899999995,"children":null}}},"AgentAct":{"count":946451,"self":44.2426208,"total":44.271718299999996,"children":{"InitializeActuators":{"count":822,"self":0.0060336999999999995,"total":0.0060336999999999995,"children":null},"InitializeSensors":{"count":822,"self":0.0210685,"total":0.0210685,"children":null},"AgentInfo.ToProto":{"count":17,"self":0,"total":0.0019952,"children":{"GenerateSensorData":{"count":17,"self":0,"total":0.0019952,"children":{"RayPerceptionSensor.Perceive":{"count":17,"self":0.0019952,"total":0.0019952,"children":null}}}}}}},"AgentInfo.ToProto":{"count":4881,"self":0.088000899999999993,"total":0.3898705,"children":{"GenerateSensorData":{"count":4881,"self":0.099065099999999989,"total":0.30186959999999996,"children":{"RayPerceptionSensor.Perceive":{"count":4881,"self":0.2028045,"total":0.2028045,"children":null}}}}}},"gauges":{"Mayor.CumulativeReward":{"count":4898,"max":-2.93695784,"min":-23.7084084,"runningAverage":-15.9774637,"value":-13.7604637,"weightedAverage":-13.94605}},"metadata":{"timer_format_version":"0.1.0","start_time_seconds":"1630525104","unity_version":"2020.1.16f1","command_line_arguments":"C:\\Program Files\\Unity\\Hub\\Editor\\2020.1.16f1\\Editor\\Unity.exe -projectpath F:\/projekty\/magisterka\/LittleKnightVillage -useHub -hubIPC -cloudEnvironment production -hubSessionId fc35c2d0-0b00-11ec-9875-f71de58e7ed9 -accessToken XUIK1Aepsc38irboRD1v-ub7msJYbb93mndnNpF0h1o007f","communication_protocol_version":"1.3.0","com.unity.ml-agents_version":"1.7.2-preview","scene_name":"Village","end_time_seconds":"1630533518"}}