{"count":1,"self":55.4187328,"total":272.5316436,"children":{"InitializeActuators":{"count":183,"self":0.0059841,"total":0.0059841,"children":null},"InitializeSensors":{"count":183,"self":0.0059854999999999995,"total":0.0059854999999999995,"children":null},"AgentSendState":{"count":39287,"self":5.3367847999999993,"total":12.737826199999999,"children":{"CollectObservations":{"count":492920,"self":2.9300607999999997,"total":2.9300609,"children":null},"WriteActionMask":{"count":492920,"self":1.4687416,"total":1.4687416,"children":null},"RequestDecision":{"count":492920,"self":3.0022387999999998,"total":3.0022387,"children":null}}},"DecideAction":{"count":39287,"self":181.8410112,"total":199.32611,"children":{"RayPerceptionSensor.Perceive":{"count":492920,"self":17.485096,"total":17.4850966,"children":null}}},"AgentAct":{"count":39287,"self":5.0319699999999994,"total":5.0370023999999995,"children":{"InitializeActuators":{"count":145,"self":0.0020152,"total":0.0020152,"children":null},"InitializeSensors":{"count":145,"self":0.0030171,"total":0.0030171,"children":null}}}},"gauges":{"Collector.CumulativeReward":{"count":177,"max":19.3929977,"min":-8.542164,"runningAverage":4.80148935,"value":4.74966764,"weightedAverage":6.27815533},"Lumberjack.CumulativeReward":{"count":35,"max":35.2827377,"min":-2.44546652,"runningAverage":17.1160278,"value":4.289521,"weightedAverage":15.2347584},"Artisan.CumulativeReward":{"count":12,"max":22.72445,"min":-10.391304,"runningAverage":-2.200299,"value":-0.891307354,"weightedAverage":-4.29084349}},"metadata":{"timer_format_version":"0.1.0","start_time_seconds":"1630706815","unity_version":"2020.1.16f1","command_line_arguments":"C:\\Program Files\\Unity\\Hub\\Editor\\2020.1.16f1\\Editor\\Unity.exe -projectpath F:\/projekty\/magisterka\/LittleKnightVillage -useHub -hubIPC -cloudEnvironment production -hubSessionId 4b8f8190-0c91-11ec-9359-6d6f9f73ee92 -accessToken _cvZXnp_ViGtMSquIQav6He7JJv62vdpU2W-FJ49cCs007f","communication_protocol_version":"1.3.0","com.unity.ml-agents_version":"1.7.2-preview","scene_name":"Village","end_time_seconds":"1630707088"}}