{"count":1,"self":1337.1667456,"total":8373.6753027,"children":{"InitializeActuators":{"count":4785,"self":0.08867259999999999,"total":0.08867259999999999,"children":null},"InitializeSensors":{"count":4785,"self":0.1275113,"total":0.1275113,"children":null},"AgentSendState":{"count":947058,"self":174.4987648,"total":412.51864639999997,"children":{"CollectObservations":{"count":16438141,"self":95.035296,"total":95.0352983,"children":null},"WriteActionMask":{"count":16438141,"self":45.4932352,"total":45.4932357,"children":null},"RequestDecision":{"count":16438141,"self":97.4913536,"total":97.4913516,"children":null}}},"DecideAction":{"count":947058,"self":5874.993152,"total":6424.1259442,"children":{"RayPerceptionSensor.Perceive":{"count":16438141,"self":549.1329536,"total":549.132979,"children":null}}},"AgentAct":{"count":947058,"self":199.4806912,"total":199.64678659999998,"children":{"InitializeActuators":{"count":4157,"self":0.0596004,"total":0.0596004,"children":null},"InitializeSensors":{"count":4157,"self":0.10649539999999999,"total":0.10649539999999999,"children":null}}}},"gauges":{"Collector.CumulativeReward":{"count":9206,"max":25.8778114,"min":-10.9944668,"runningAverage":1.96928716,"value":-0.155366212,"weightedAverage":0.639881849},"Artisan.CumulativeReward":{"count":318,"max":13.6916065,"min":-17.954546,"runningAverage":-5.682165,"value":-5.51541,"weightedAverage":-7.29905844},"Lumberjack.CumulativeReward":{"count":278,"max":36.8538322,"min":-4.19390535,"runningAverage":20.18822,"value":21.2092457,"weightedAverage":21.5788975}},"metadata":{"timer_format_version":"0.1.0","start_time_seconds":"1631197763","unity_version":"2020.1.16f1","command_line_arguments":"C:\\Program Files\\Unity\\Hub\\Editor\\2020.1.16f1\\Editor\\Unity.exe -projectpath F:\/projekty\/magisterka\/LittleKnightVillage -useHub -hubIPC -cloudEnvironment production -hubSessionId ea82f050-1148-11ec-baa2-9fb3df83e39f -accessToken LXyG6bYlbgjsSTpJxL4KnLNE8M9lHM-gKzY1VcNbTmk007f","communication_protocol_version":"1.3.0","com.unity.ml-agents_version":"1.7.2-preview","scene_name":"Village","end_time_seconds":"1631206137"}}