{"count":1,"self":490.02915839999997,"total":2687.3781768,"children":{"InitializeActuators":{"count":2308,"self":0.0379937,"total":0.0379937,"children":null},"InitializeSensors":{"count":2308,"self":0.068763499999999991,"total":0.068763499999999991,"children":null},"AgentSendState":{"count":308027,"self":65.1056256,"total":153.8547485,"children":{"CollectObservations":{"count":6271257,"self":34.6465088,"total":34.646507899999996,"children":null},"WriteActionMask":{"count":6271257,"self":17.4380864,"total":17.4380871,"children":null},"RequestDecision":{"count":6271257,"self":36.6645312,"total":36.6645306,"children":null}}},"DecideAction":{"count":308027,"self":1779.9077888,"total":1975.7903259,"children":{"RayPerceptionSensor.Perceive":{"count":6271257,"self":195.8825728,"total":195.8825746,"children":null}}},"AgentAct":{"count":308027,"self":67.515756799999991,"total":67.59617,"children":{"InitializeActuators":{"count":2088,"self":0.0303879,"total":0.0303879,"children":null},"InitializeSensors":{"count":2088,"self":0.0500264,"total":0.0500264,"children":null}}}},"gauges":{"Collector.CumulativeReward":{"count":2830,"max":25.7651653,"min":-9.968367,"runningAverage":4.592164,"value":3.74966979,"weightedAverage":7.223998},"Artisan.CumulativeReward":{"count":408,"max":27.173296,"min":-19.5137634,"runningAverage":-3.73799157,"value":-10.391304,"weightedAverage":-0.549742341},"Lumberjack.CumulativeReward":{"count":528,"max":42.3546257,"min":-7.657789,"runningAverage":15.2043991,"value":22.7251167,"weightedAverage":19.6073837}},"metadata":{"timer_format_version":"0.1.0","start_time_seconds":"1630689769","unity_version":"2020.1.16f1","command_line_arguments":"C:\\Program Files\\Unity\\Hub\\Editor\\2020.1.16f1\\Editor\\Unity.exe -projectpath F:\/projekty\/magisterka\/LittleKnightVillage -useHub -hubIPC -cloudEnvironment production -hubSessionId 4b8f8190-0c91-11ec-9359-6d6f9f73ee92 -accessToken 2dg9K93SnQujNWvJ89b5vu9vijtrUvbqkSJqRcgecsg007f","communication_protocol_version":"1.3.0","com.unity.ml-agents_version":"1.7.2-preview","scene_name":"Village","end_time_seconds":"1630692457"}}