{"count":1,"self":757.18492159999994,"total":4891.5482673,"children":{"InitializeActuators":{"count":12,"self":0.00097129999999999992,"total":0.00097129999999999992,"children":null},"InitializeSensors":{"count":12,"self":0.0020196,"total":0.0020196,"children":null},"AgentSendState":{"count":905934,"self":30.6391232,"total":187.3052133,"children":{"CollectObservations":{"count":2170295,"self":15.834315199999999,"total":15.8343154,"children":null},"WriteActionMask":{"count":2170295,"self":7.3799312,"total":7.3799313999999994,"children":null},"RequestDecision":{"count":2170295,"self":28.882803199999998,"total":133.4518417,"children":{"AgentInfo.ToProto":{"count":2170295,"self":17.2625472,"total":104.5690369,"children":{"GenerateSensorData":{"count":2170295,"self":34.6288768,"total":87.3064893,"children":{"RayPerceptionSensor.Perceive":{"count":2170295,"self":52.6776128,"total":52.6776136,"children":null}}}}}}}}},"DecideAction":{"count":905934,"self":3920.2623488,"total":3920.2624146999997,"children":null},"AgentAct":{"count":905934,"self":26.49476,"total":26.4947603,"children":null},"AgentInfo.ToProto":{"count":4618,"self":0.0574663,"total":0.29695,"children":{"GenerateSensorData":{"count":4618,"self":0.062118099999999996,"total":0.2394837,"children":{"RayPerceptionSensor.Perceive":{"count":4618,"self":0.17736559999999998,"total":0.17736559999999998,"children":null}}}}}},"gauges":{"Artisan.CumulativeReward":{"count":4618,"max":-1.4461937,"min":-22.6294441,"runningAverage":-15.5979233,"value":-14.4792051,"weightedAverage":-14.091567}},"metadata":{"timer_format_version":"0.1.0","start_time_seconds":"1630221401","unity_version":"2020.1.16f1","command_line_arguments":"C:\\Program Files\\Unity\\Hub\\Editor\\2020.1.16f1\\Editor\\Unity.exe -projectpath F:\/projekty\/magisterka\/LittleKnightVillage -useHub -hubIPC -cloudEnvironment production -hubSessionId 9f9e36c0-0898-11ec-ab76-b5882495d291 -accessToken SOb4-5qVRNpZhmu_2K7QC9uGSSt-TgBFtpxijVhxhv8007f","communication_protocol_version":"1.3.0","com.unity.ml-agents_version":"1.7.2-preview","scene_name":"Village","end_time_seconds":"1630226293"}}