{"count":1,"self":185.3110144,"total":960.26316539999993,"children":{"InitializeActuators":{"count":613,"self":0.0129591,"total":0.0129591,"children":null},"InitializeSensors":{"count":613,"self":0.022705299999999998,"total":0.022705299999999998,"children":null},"AgentSendState":{"count":117437,"self":18.3524928,"total":44.003053799999996,"children":{"CollectObservations":{"count":1741956,"self":10.1813792,"total":10.1813788,"children":null},"WriteActionMask":{"count":1741956,"self":4.9000144,"total":4.9000145,"children":null},"RequestDecision":{"count":1741956,"self":10.569168,"total":10.5691682,"children":null}}},"DecideAction":{"count":117437,"self":648.40524799999992,"total":711.3795524,"children":{"RayPerceptionSensor.Perceive":{"count":1741956,"self":62.974291199999996,"total":62.974289,"children":null}}},"AgentAct":{"count":117437,"self":19.5118624,"total":19.5329025,"children":{"InitializeActuators":{"count":538,"self":0.0090521,"total":0.0090521,"children":null},"InitializeSensors":{"count":538,"self":0.0119882,"total":0.0119882,"children":null}}}},"gauges":{"Collector.CumulativeReward":{"count":742,"max":26.32974,"min":-7.768151,"runningAverage":4.16498566,"value":0.8144839,"weightedAverage":2.83962035},"Artisan.CumulativeReward":{"count":67,"max":17.3008823,"min":-11.843255,"runningAverage":-3.39181733,"value":17.0574932,"weightedAverage":-0.351544261},"Lumberjack.CumulativeReward":{"count":41,"max":32.8279037,"min":11.9722166,"runningAverage":24.1913853,"value":28.1086941,"weightedAverage":26.1905861}},"metadata":{"timer_format_version":"0.1.0","start_time_seconds":"1630694298","unity_version":"2020.1.16f1","command_line_arguments":"C:\\Program Files\\Unity\\Hub\\Editor\\2020.1.16f1\\Editor\\Unity.exe -projectpath F:\/projekty\/magisterka\/LittleKnightVillage -useHub -hubIPC -cloudEnvironment production -hubSessionId 4b8f8190-0c91-11ec-9359-6d6f9f73ee92 -accessToken 2dg9K93SnQujNWvJ89b5vu9vijtrUvbqkSJqRcgecsg007f","communication_protocol_version":"1.3.0","com.unity.ml-agents_version":"1.7.2-preview","scene_name":"Village","end_time_seconds":"1630695258"}}