{"count":1,"self":1683.8057984,"total":6527.4333148,"children":{"InitializeActuators":{"count":2963,"self":0.0421995,"total":0.0421995,"children":null},"InitializeSensors":{"count":2963,"self":0.067880799999999991,"total":0.067880799999999991,"children":null},"AgentSendState":{"count":1146519,"self":57.7574464,"total":136.4668477,"children":{"CollectObservations":{"count":4824809,"self":28.862217599999997,"total":28.8622172,"children":null},"WriteActionMask":{"count":4824809,"self":14.6030144,"total":14.603014199999999,"children":null},"RequestDecision":{"count":4824809,"self":35.2441728,"total":35.244172999999996,"children":null}}},"DecideAction":{"count":1146519,"self":4402.9943808,"total":4649.190899,"children":{"RayPerceptionSensor.Perceive":{"count":4824809,"self":246.1965568,"total":246.19654849999998,"children":null}}},"AgentAct":{"count":1146519,"self":57.784153599999996,"total":57.8587358,"children":{"InitializeActuators":{"count":2187,"self":0.026166099999999998,"total":0.026166099999999998,"children":null},"InitializeSensors":{"count":2187,"self":0.0484166,"total":0.0484166,"children":null}}}},"gauges":{"Collector.CumulativeReward":{"count":1148,"max":26.82138,"min":-7.62908936,"runningAverage":5.946477,"value":5.749668,"weightedAverage":6.3605094},"Artisan.CumulativeReward":{"count":106,"max":22.2501869,"min":-12.6231976,"runningAverage":-3.88267374,"value":-3.881295,"weightedAverage":-2.755283},"Lumberjack.CumulativeReward":{"count":37,"max":40.2931862,"min":-4.54968929,"runningAverage":24.0968132,"value":9.5054245,"weightedAverage":21.8869858}},"metadata":{"timer_format_version":"0.1.0","start_time_seconds":"1630929282","unity_version":"2020.1.16f1","command_line_arguments":"C:\\Program Files\\Unity\\Hub\\Editor\\2020.1.16f1\\Editor\\Unity.exe -projectpath F:\/projekty\/magisterka\/LittleKnightVillage -useHub -hubIPC -cloudEnvironment production -hubSessionId 268e4150-0ed6-11ec-9c25-1f06ae8ee831 -accessToken B4kdmcQf-Yx28GLwqt_kcYG9KPhanjKU5ozphRJ90Sw007f","communication_protocol_version":"1.3.0","com.unity.ml-agents_version":"1.7.2-preview","scene_name":"Village","end_time_seconds":"1630935809"}}